id,likeNum,commentsLen,reposts_count,region,content,contentLen,created_at,type,detailUrl,authorAvatar,authorName,authorDetail,isVip
5069909122092822,88,67,40,ä¸Šæµ·,åªæ˜¯å–œæ¬¢å¦¹å¦¹å—  å§å§èº«æä¸è¡Œå—ï¼Ÿhttp://t.cn/RtNYp8V â€‹,51,2024-08-21,çƒ­é—¨,https://weibo.com/6609168401/OtkEE8Mrc,"https://tvax3.sinaimg.cn/crop.0.0.480.480.180/007dhoClly8hcht5rvxhej30dc0dcaav.jpg?KID=imgbed,tva&Expires=1724265572&ssig=vvhVcjcGU%2F",å—å¨±è¥,https://weibo.com/u/6609168401,0
5069593676615736,14255,129,23,æ¹–å—,åªèƒ½è¯´æ˜¯æ¢¦å¹»è”åŠ¨äº†@å…¨çº¢å©µ @TFBOYS-ç‹ä¿Šå‡¯ â€‹,40,2024-08-20,çƒ­é—¨,https://weibo.com/6438130659/OtcrRrL3q,"https://tvax2.sinaimg.cn/crop.0.0.1080.1080.180/0071HJT5ly8hqc5gw98a9j30u00u0gq4.jpg?KID=imgbed,tva&Expires=1724265572&ssig=%2Fav%2BZSOYjh",Iike_å‘¨æ°ä¼¦,https://weibo.com/u/6438130659,0
5066897324509705,2016,448,52,å››å·,å¥½ä¹…æ²¡æœ‰å¤œéª‘é’é¾™æ¹–äº†ï¼Œä»Šå¤©ä¸€æ¥å°±çœ‹åˆ°äº†è½æ—¥ä½™æ™–ï¼ŒçœŸçš„å¤ªç¾å•¦#éª‘è¡Œ##ç‡ƒåŠ¨ä¸€å¤##å¥³éª‘# http://t.cn/A68ga0Tj â€‹,101,2024-08-13,çƒ­é—¨,https://weibo.com/6322281955/Os4iUiVbb,"https://tvax4.sinaimg.cn/crop.0.0.1080.1080.180/006TRElBly8hpi91swe21j30u00u076f.jpg?KID=imgbed,tva&Expires=1724265572&ssig=CMzkc%2FLQ5M",å¤•é¢œFiona99,https://weibo.com/u/6322281955,0
5067697337668723,7246,453,27,å¹¿ä¸œ,è¯·æ‚¨ç¨ä½œåœé¡¿ï¼Œç”¨Â 1Â ç§’é’Ÿçš„æ—¶é—´ï¼Œä¸ºä¸­å›½æ‚äº¤æ°´ç¨»ä¹‹çˆ¶è¢éš†å¹³çˆ·çˆ·ï¼Œé€ä¸Šä¸€æœµèŠ±ï¼Œè‡´ä»¥å´‡é«˜æ•¬æ„[ä½œæ–]Â [é²œèŠ±]Â  â€‹,99,2024-08-15,çƒ­é—¨,https://weibo.com/5261837765/Osp7fwaZ5,"https://tvax1.sinaimg.cn/crop.97.71.388.388.180/005K68n3ly8ffyl24wb8pj30jg0jgmxs.jpg?KID=imgbed,tva&Expires=1724265572&ssig=fD1f8ZJZnx",ç¥å›å¤é›†ä¸­è¥,https://weibo.com/u/5261837765,0
5069542974296101,175147,6711,7026,åŒ—äº¬,æ¿€åŠ¨ã€å¼€å¿ƒã€çè´µçš„ä¸€å¤©ï¼ğŸ‡¨ğŸ‡³#ä¸­å›½ä½“è‚²ä»£è¡¨å›¢æ€»ç»“å¤§ä¼šä¸¾è¡Œ# â€‹,60,2024-08-20,çƒ­é—¨,https://weibo.com/2010654675/Otb85i1BX,"https://tvax3.sinaimg.cn/crop.0.0.512.512.180/77d827d3ly8hsn54n7w73j20e80e8wf2.jpg?KID=imgbed,tva&Expires=1724265572&ssig=VnjH%2FbPxt5",é™ˆæ¢¦-ä¹’ä¹“çƒ,https://weibo.com/u/2010654675,0
5068719615118450,1705,164,445,æ¹–åŒ—,#é»‘ç¥è¯æ‚Ÿç©º# é»‘ç¥è¯æ‚Ÿç©ºè¶…é•¿è¯¦ç»†ç‰ˆå¼€ç®±æ¥äº†ï½#å¼ å¤§ä»™[è¶…è¯]# http://t.cn/A6R7rzkH â€‹â€‹â€‹,85,2024-08-18,çƒ­é—¨,https://weibo.com/1811893237/OsPI5ltxE,"https://tvax2.sinaimg.cn/crop.10.0.391.391.180/6bff4bf5ly8gxcnj7f1q4j20bs0av3yp.jpg?KID=imgbed,tva&Expires=1724265572&ssig=pgHDuIW3zp",æŒ‡æ³•èŠ¬èŠ³å¼ å¤§ä»™z,https://weibo.com/u/1811893237,0
5066871001321984,4316,1461,1029,æ— ,ã€è§è€…å¥½è¿ï¼#æå…‰æµæ˜ŸåŒæ¡†å£çº¸#[å¿ƒ]ã€‘æ˜¨å¤œä»Šæ™¨ï¼Œ#å¤šåœ°æå…‰æµæ˜Ÿå¤§çˆ†å‘#ã€‚æå…‰å’Œæµæ˜Ÿåœ¨å¤œç©ºä¸­æµªæ¼«é‚‚é€…ï¼Œäº¤ç»‡æˆä¸€å¹…å¹…å”¯ç¾ç”»å·ã€‚ç½‘å‹ï¼šæ¯ä¸€å¼ éƒ½ç¾å¾—å¯ä»¥æ‹¿æ¥åšå£çº¸ï¼è½¬å­˜æµªæ¼«æ—¶åˆ»â†“â†“@æ˜Ÿè”CSVA http://t.cn/A68g56jY â€‹,198,2024-08-13,çƒ­é—¨,https://weibo.com/2803301701/Os3Cs5xUk,"https://tvax4.sinaimg.cn/crop.0.0.1018.1018.180/0033ImPzly8h8vgemh8kxj60sa0sadgw02.jpg?KID=imgbed,tva&Expires=1724265572&ssig=x3pWrDoo0a",äººæ°‘æ—¥æŠ¥,https://weibo.com/u/2803301701,0
5068359617743254,554,24,8,ä¸Šæµ·,å¤å¤©å°±è¦è·³å…ƒæ°”æ»¡æ»¡çš„èˆè¹ˆï¼#å°æŸ”seeu[è¶…è¯]# http://t.cn/A6RhLJp7 â€‹,63,2024-08-17,çƒ­é—¨,https://weibo.com/1657783170/OsGlrwunc,"https://tvax3.sinaimg.cn/crop.0.0.1080.1080.180/62cfc382ly8g1r14ovk3wj20u00u0tam.jpg?KID=imgbed,tva&Expires=1724265572&ssig=75GiRAA7pn",å°æŸ”SeeU,https://weibo.com/u/1657783170,0
5025663113498168,33055,1237,177,æ— ,http://t.cn/A6TRhCAd,20,2024-04-21,çƒ­é—¨,https://weibo.com/7589543151/OaLC7eG24,"https://tvax3.sinaimg.cn/crop.0.0.1068.1068.180/008hCWSjly8gxld3qyluoj30to0tojsr.jpg?KID=imgbed,tva&Expires=1724265572&ssig=rWvHJCqJPy",å…¨çº¢å©µ,https://weibo.com/u/7589543151,0
5069590331130767,558,226,2,æ¹–åŒ—,è¿˜æ˜¯ä»¥å‰çš„é—¯å…³èŠ‚ç›®æ‡‚è§‚ä¼— http://t.cn/A6R280UL â€‹,45,2024-08-20,çƒ­é—¨,https://weibo.com/2664601772/Otcmt4Kab,"https://tvax4.sinaimg.cn/crop.0.0.512.512.180/9ed298acly8hrupt0r6amj20e80e8jry.jpg?KID=imgbed,tva&Expires=1724265572&ssig=og0%2FKGuVQG",å¥¶ç™½ç”œå¦¹,https://weibo.com/u/2664601772,0
5063270664503839,115038,4436,242,æ±Ÿè‹,è¯·æ‚¨åœç•™1ç§’é’Ÿï¼Œå‘ç¼‰æ¯’è‹±é›„æœèè‡´æ•¬ï¼ğŸ™[é²œèŠ±][é²œèŠ±] â€‹,51,2024-08-03,çƒ­é—¨,https://weibo.com/5785439181/OqxXsiTEz,"https://tvax3.sinaimg.cn/crop.0.0.996.996.180/006jx71bly8gk8ibd2emuj30ro0rodhu.jpg?KID=imgbed,tva&Expires=1724265598&ssig=sLz1%2BGI0cx",å…¬ç›Šäººç‹ç£Š,https://weibo.com/u/5785439181,1
5067774349282629,529442,308022,1000000,åŒ—äº¬,ğŸ£ â€‹,4,2024-08-15,çƒ­é—¨,https://weibo.com/5653796775/Osr7sCWPP,"https://tvax1.sinaimg.cn/crop.3.0.505.505.180/006aCKOzly8henow1o7b8j30e80e1js0.jpg?KID=imgbed,tva&Expires=1724265598&ssig=u5RZdj5SrD",èµµéœ²æ€çš„å¾®åš,https://weibo.com/u/5653796775,0
5066143797085903,17514,1141,172,åŒ—äº¬,"å‘¨æœ«æ—©ä¸Šï¼Œå»çˆ¬çˆ¬å±±ã€‚

åŒ—äº¬ä»Šå¤©å¤©æ°”çœŸå¥½ï¼ â€‹",40,2024-08-11,çƒ­é—¨,https://weibo.com/1749127163/OrKHxtJmL,"https://tvax4.sinaimg.cn/crop.0.0.1080.1080.180/001Un9Srly8hrwgkkyzdxj60u00u0q7c02.jpg?KID=imgbed,tva&Expires=1724265598&ssig=ylUX1QojLg",é›·å†›,https://weibo.com/u/1749127163,0
5069190094917826,960,172,11,éŸ©å›½,#cosplay# å˜¿å˜¿ http://t.cn/A6RwNyu2 â€‹,35,2024-08-19,çƒ­é—¨,https://weibo.com/7826274197/Ot1WVkDlM,"https://tvax3.sinaimg.cn/crop.0.0.1080.1080.180/008xEfqZly8hs56esu6z0j30u00u00vr.jpg?KID=imgbed,tva&Expires=1724265598&ssig=4LB19ZgNIU",å—éŸ©é­…é­”Hinaå‘€,https://weibo.com/u/7826274197,1
5067732402570790,15985,374,76,æ¹–å—,æŠ¥æ©è¥¿ç“œåˆæ¥äº†ï¼ï¼ â€‹,18,2024-08-15,çƒ­é—¨,https://weibo.com/6438130659/Osq1OaMMm,"https://tvax2.sinaimg.cn/crop.0.0.1080.1080.180/0071HJT5ly8hqc5gw98a9j30u00u0gq4.jpg?KID=imgbed,tva&Expires=1724265598&ssig=sEqAFQcPhd",Iike_å‘¨æ°ä¼¦,https://weibo.com/u/6438130659,0
5067405128899151,4569,666,815,æ— ,ã€ä¹ è¯­ï½œâ€œäººä¸è´Ÿé’å±±ï¼Œé’å±±å®šä¸è´Ÿäººâ€ã€‘8æœˆ15æ—¥ï¼Œ#ç¬¬2ä¸ªå…¨å›½ç”Ÿæ€æ—¥#ã€‚é‡æ¸©ä¹ è¿‘å¹³æ€»ä¹¦è®°å…³äºç”Ÿæ€æ–‡æ˜å»ºè®¾çš„é‡è¦è®ºè¿°ï¼Œä¸ºå»ºè®¾é’å±±å¸¸åœ¨ã€ç»¿æ°´é•¿æµã€ç©ºæ°”å¸¸æ–°çš„ç¾ä¸½ä¸­å›½è´¡çŒ®è‡ªå·±çš„åŠ›é‡ï¼#äººä¸è´Ÿé’å±± é’å±±å®šä¸è´Ÿäºº# http://t.cn/A68kQVLQ â€‹,216,2024-08-14,çƒ­é—¨,https://weibo.com/2803301701/OshvWBl4H,"https://tvax4.sinaimg.cn/crop.0.0.1018.1018.180/0033ImPzly8h8vgemh8kxj60sa0sadgw02.jpg?KID=imgbed,tva&Expires=1724265598&ssig=zYB4nnL6j4",äººæ°‘æ—¥æŠ¥,https://weibo.com/u/2803301701,0
5065142176058409,10822,293,71,åŒ—äº¬,é™ªå°å¤©å¤©æ‰“å¡ç¯çƒå½±åŸï¼Œé…·çˆ½å¤æ—¥ï¼Œå¥½cityå•Šï½ â€‹,42,2024-08-08,çƒ­é—¨,https://weibo.com/2029906001/OrkE1pq4h,"https://tva1.sinaimg.cn/crop.0.0.640.640.180/78fde851jw8esf93b1bg5j20hs0ht0uc.jpg?KID=imgbed,tva&Expires=1724265598&ssig=HFzLx0fGcP",è‹ç‚³æ·»,https://weibo.com/u/2029906001,0
5067343359903563,1674,59,125,å‰æ—,â€œæ—¥è½å°¤å…¶æ¸©æŸ” äººé—´çš†æ˜¯æµªæ¼«â€ â€‹,29,2024-08-14,çƒ­é—¨,https://weibo.com/5721011263/OsfUjFymT,"https://tvax1.sinaimg.cn/crop.0.0.512.512.180/006faMndly8gmph82wujsj30e80e8dg0.jpg?KID=imgbed,tva&Expires=1724265598&ssig=1%2Fu05UkjGc",åˆ†äº«bo,https://weibo.com/u/5721011263,0
5067005100558288,766,20,68,æ— ,"ã€å›½åŠ¡é™¢ã€ä¸­å¤®å†›å§”å…¬å¸ƒå®æ–½æ–°ä¿®è®¢çš„ã€Šå†›äººæŠšæ¤ä¼˜å¾…æ¡ä¾‹ã€‹ã€‘

å›½åŠ¡é™¢ã€ä¸­å¤®å†›å§”æ—¥å‰å…¬å¸ƒæ–°ä¿®è®¢çš„ã€Šå†›äººæŠšæ¤ä¼˜å¾…æ¡ä¾‹ã€‹ï¼ˆä»¥ä¸‹ç®€ç§°ã€Šæ¡ä¾‹ã€‹ï¼‰ï¼Œè‡ª2024å¹´10æœˆ1æ—¥èµ·æ–½è¡Œã€‚

æ–°ä¿®è®¢çš„ã€Šæ¡ä¾‹ã€‹æ—¨åœ¨ä¿éšœå›½å®¶å¯¹å†›äººçš„æŠšæ¤ä¼˜å¾…ï¼Œæ¿€åŠ±å†›äººä¿å«ç¥–å›½ã€å»ºè®¾ç¥–å›½çš„çŒ®èº«ç²¾ç¥ï¼ŒåŠ å¼ºå›½é˜²å’Œå†›é˜Ÿç°ä»£åŒ–å»ºè®¾ï¼Œè®©å†›äººæˆä¸ºå…¨ â€‹",1263,2024-08-13,çƒ­é—¨,https://weibo.com/5611549371/Os76K2leE,"https://tvax1.sinaimg.cn/crop.0.0.520.520.180/0067LukPly8h8vg7pyxkzj60eg0eg75502.jpg?KID=imgbed,tva&Expires=1724265598&ssig=FL%2Fr8tIsJe",å›½é˜²éƒ¨å‘å¸ƒ,https://weibo.com/u/5611549371,0
5069773897470986,8510,77,35,ç¦å»º,"å…¨çº¢å©µï¼šå¥½ä¸å®¹æ˜“æ‰“ä¼šå„¿ç‰Œ åˆæ¥äº†ä¸€æ²“ç­¾åï¼
å­©å­å¥½ä¸å®¹æ˜“æ”¾æ¾ä¸€ä¼šå„¿  å“ˆå“ˆå¤ªéš¾äº† http://t.cn/A6RLcX9O â€‹",97,2024-08-21,çƒ­é—¨,https://weibo.com/6614166774/Oth8xvlxM,"https://tvax2.sinaimg.cn/crop.0.0.1080.1080.180/007dCmVgly8hsvwehnv3wj30u00u077a.jpg?KID=imgbed,tva&Expires=1724265598&ssig=wXnFim2DNY",æ€é©´ä¸–å®¶,https://weibo.com/u/6614166774,1
5066593749177111,11092,259,49,æµ™æ±Ÿ,ç²‰ç²‰çš„ï¼ â€‹,8,2024-08-12,çƒ­é—¨,https://weibo.com/3730560251/OrWpgCvnV,"https://tvax3.sinaimg.cn/crop.0.0.1080.1080.180/de5bd4fbly8gz3bl9cf0lj20u00u0gnk.jpg?KID=imgbed,tva&Expires=1724265601&ssig=GFdf7soVmZ",æ¬²æ¢¦Yinoe,https://weibo.com/u/3730560251,0
5067569607738855,2811,80,10,æ¹–å—,æˆ‘è§‰å¾—å„¿å­æ¯”çˆ¸çˆ¸æ›´å¸…[é…·] â€‹,24,2024-08-15,çƒ­é—¨,https://weibo.com/6438130659/OslNewtef,"https://tvax2.sinaimg.cn/crop.0.0.1080.1080.180/0071HJT5ly8hqc5gw98a9j30u00u0gq4.jpg?KID=imgbed,tva&Expires=1724265601&ssig=UF3JKY0pUV",Iike_å‘¨æ°ä¼¦,https://weibo.com/u/6438130659,0
5068738399310577,7930,983,233,æ–°ç–†,å…¨åœ°å½¢è½¦ï¼Œåº“æœ¨å¡”æ ¼æ²™æ¼  â€‹,22,2024-08-18,çƒ­é—¨,https://weibo.com/1749127163/OsQcnD46B,"https://tvax4.sinaimg.cn/crop.0.0.1080.1080.180/001Un9Srly8hrwgkkyzdxj60u00u0q7c02.jpg?KID=imgbed,tva&Expires=1724265601&ssig=c4FQSVPXKQ",é›·å†›,https://weibo.com/u/1749127163,0
5069734481760851,662,72,2,æ¹–åŒ—,ä¸€å¯¹æƒ…ä¾£åµæ¶èµ°åˆ°é©¬è·¯ä¸­é—´ï¼Œç”·å­å¼ å¼€åŒè‡‚è¿å‘è½¦æµï¼Œå¥³å‹åŠé˜»è¢«è‚˜å‡»è¹²åœ°ä¸èµ· http://t.cn/A6RLw1QJ â€‹,91,2024-08-21,çƒ­é—¨,https://weibo.com/2664601772/Otg6Y7o4P,"https://tvax4.sinaimg.cn/crop.0.0.512.512.180/9ed298acly8hrupt0r6amj20e80e8jry.jpg?KID=imgbed,tva&Expires=1724265601&ssig=xGHOneyRjD",å¥¶ç™½ç”œå¦¹,https://weibo.com/u/2664601772,0
5068691131339996,959,85,20,æ— ,"#èŒ¶å•ŠäºŒä¸­ç¬¬äº”å­£# ä½ ä»¬è¦çš„å¼ºç³å¤´åƒæ¥å•¦ï¼
å¹´å°‘æ—¶æˆ‘ä»¬çš„è·ç¦»ï¼Œåªæœ‰Lå’ŒRé‚£ä¹ˆè¿œï½ â€‹",74,2024-08-18,çƒ­é—¨,https://weibo.com/5261119051/OsOY95CAQ,"https://tvax4.sinaimg.cn/crop.0.0.600.600.180/005K37oTly8hrju1gl1fgj30go0go76c.jpg?KID=imgbed,tva&Expires=1724265601&ssig=GEOOhf6udD",èŒ¶å•ŠäºŒä¸­,https://weibo.com/u/5261119051,0
5068997478844236,765,155,105,æ— ,ã€#è²æµ·è­¦èˆ¹æ•…æ„å†²æ’ä¸­æ–¹æµ·è­¦è‰‡ç”»é¢å…¬å¸ƒ#ã€‘8æœˆ19æ—¥ï¼Œè²å¾‹å®¾4410ã€4411å·æµ·è­¦èˆ¹æœªç»ä¸­å›½æ”¿åºœå…è®¸ï¼Œéæ³•é—¯å…¥ä¸­å›½å—æ²™ç¾¤å²›ä»™å®¾ç¤é‚»è¿‘æµ·åŸŸï¼Œä¸­å›½æµ·è­¦ä¾æ³•å¯¹è²èˆ¹åªé‡‡å–ç®¡æ§æªæ–½ã€‚è²4410å·èˆ¹æ— è§†ä¸­æ–¹å¤šæ¬¡ä¸¥æ­£è­¦å‘Šï¼Œä»¥ä¸ä¸“ä¸šã€å±é™©æ–¹å¼ï¼Œæ•…æ„å†²æ’ä¸­æ–¹æ­£å¸¸ç»´æƒæ‰§æ³•çš„21551è‰‡ï¼Œå¯¼è‡´å‘ç”Ÿæ“¦ç¢°ï¼Œè´£ä»»å®Œå…¨åœ¨è²æ–¹ã€‚ â€‹,428,2024-08-19,çƒ­é—¨,https://weibo.com/7468777622/OsWWfB6MY,"https://tvax1.sinaimg.cn/crop.0.0.600.600.180/0089sefcly8h8w5e04zjuj30go0gowhn.jpg?KID=imgbed,tva&Expires=1724265601&ssig=b9bso7Ub8d",å—éƒ¨æˆ˜åŒº,https://weibo.com/u/7468777622,0
5068736698257170,89436,17756,79381,ä¸Šæµ·,#è·Ÿç€å­¤èˆŸæ‰“å¡è‹å·#Â å¸¦ä¸Šçµç¶ï¼Œå»ä¹¦åœºæ‰¾æµ·æ²«ä¸€èµ·ç»ƒè¯„å¼¹å§~Â #ç”µè§†å‰§å­¤èˆŸ##å¬æ²«ä¸€æ›²çµç¶è¯­# â€‹,83,2024-08-18,çƒ­é—¨,https://weibo.com/5589792153/OsQ9DyE4a,"https://tvax4.sinaimg.cn/crop.0.0.1080.1080.180/0066ichXly8hizswo5qk3j60u00u0mz602.jpg?KID=imgbed,tva&Expires=1724265601&ssig=1eRjZIoj8J",é™ˆéƒ½çµ,https://weibo.com/u/5589792153,0
5056122925089155,97446,9565,189,æ–°ç–†,å¥½å¤šä¼˜è´¨è›‹ç™½è´¨[å“‡] http://t.cn/A6QkceuE â€‹,39,2024-07-14,çƒ­é—¨,https://weibo.com/5185106711/Ony0QllV9,"https://tvax4.sinaimg.cn/crop.0.0.868.868.180/005EUb7ply8h85rjjw7d0j30o40o43zd.jpg?KID=imgbed,tva&Expires=1724265601&ssig=EYWr9gCmqZ",èŠ±å°é¾™Oy,https://weibo.com/u/5185106711,0
5068686107609663,231,14,29,æ— ,"ã€â€œé¹°å‡»-2024â€ä¸­æ³°ç©ºå†›è”åˆè®­ç»ƒ ä¸­æ–¹å‚è®­éƒ¨é˜Ÿè¿›è¡Œé€‚åº”æ€§é£è¡Œè®­ç»ƒã€‘

8æœˆ16æ—¥ï¼Œâ€œé¹°å‡»-2024â€ä¸­æ³°ç©ºå†›è”åˆè®­ç»ƒä¸­æ–¹å‚è®­éƒ¨é˜Ÿè¿›è¡Œé¦–æ¬¡é€‚åº”æ€§é£è¡Œè®­ç»ƒã€‚å½“å¤©ï¼Œå¤šæ¶ä¸åŒå‹å·çš„ä¸­æ–¹æˆ˜æœºä»æ³°å›½ç©ºå†›ä¹Œéš†åŸºåœ°å‘¼å•¸å‡ç©ºï¼Œé£èµ´é¢„å®šç©ºåŸŸå±•å¼€é’ˆå¯¹æ€§è®­ç»ƒã€‚

æ®ä»‹ç»ï¼ŒæŠµè¾¾ä¹Œéš†åŸºåœ°åï¼Œä¸­æ–¹å‚è®­éƒ¨é˜Ÿç«‹å³ä¸æ³°æ–¹å¼€å±•æˆ˜æ³• â€‹",428,2024-08-18,çƒ­é—¨,https://weibo.com/5611549371/OsOQ2vVCv,"https://tvax1.sinaimg.cn/crop.0.0.520.520.180/0067LukPly8h8vg7pyxkzj60eg0eg75502.jpg?KID=imgbed,tva&Expires=1724265601&ssig=mxwEJTIBSZ",å›½é˜²éƒ¨å‘å¸ƒ,https://weibo.com/u/5611549371,0
5069566915124418,32867,347,582,æ— ,ã€#å¥¥è¿å† å†›è§åˆ°å¦ˆå¦ˆç§’å˜å°å­©å§#ã€‘è¿‘æ—¥ï¼Œå¥¥è¿å† å†›å´æ„‰@æ‹³å‡»å´æ„‰ å›åˆ°å®¶ä¹¡è´µå·ï¼Œè§åˆ°å¦ˆå¦ˆåç§’å˜â€œå°å­©å§â€ã€‚å¦ˆå¦ˆæŠŠå´æ„‰æŠ±èµ·æ¥æš–æš–å®‰æ…°ã€‚ç½‘å‹ï¼š#å¥¥è¿å† å†›çš„å¦ˆå¦ˆä¸¾é‡è‹¥è½»#ï¼ http://t.cn/A6R2W6gy â€‹,179,2024-08-20,çƒ­é—¨,https://weibo.com/2810373291/OtbKHlv5U,"https://tvax3.sinaimg.cn/crop.8.11.119.119.180/0034c2ttly8h8vg8d8h2ij6046046q2t02.jpg?KID=imgbed,tva&Expires=1724265601&ssig=eG3itWHVOf",æ–°åç½‘,https://weibo.com/u/2810373291,0
5068024878469801,1923,195,72,åŒ—äº¬,"#æ–©ç¥åŠ¨ç”»# å¤§å¤çš„å†å²ä¸Šç¾¤æ˜Ÿç’€ç’¨ï¼Œä»–ä»¬ç”¨å°½ä¸€åˆ‡ï¼ŒæŠµæŠ—å¤–æ¥ç¥æ˜çš„å…¥ä¾µã€‚
äººç±»æœ€å¼ºæˆ˜åŠ›ä»£è¡¨å·²æ­ç¤ºï¼š
ä¸€å‰‘â€”â€”å‘¨å¹³
ä¸€å°Šâ€”â€”å¶æ¢µ
ä¸€å¤«å­â€”â€”é™ˆå¤«å­
ä¸€éª‘â€”â€”è·¯æ— ä¸º
ä¸€è™šæ— â€”â€”å…³åœ¨
è¯„è®ºåŒºåˆ†äº«ä¸€ä¸‹ä½ æœ€æœŸå¾…å“ªå‡ ä½â€œäººç±»å¤©èŠ±æ¿â€å§[ä¸Šè¯¾äº†]
#æˆ‘åœ¨ç²¾ç¥ç—…é™¢å­¦æ–©ç¥[è¶…è¯]# â€‹",245,2024-08-16,çƒ­é—¨,https://weibo.com/6646063031/OsxDxzxnH,"https://tvax4.sinaimg.cn/crop.0.0.600.600.180/007fMcB1ly8h437nojhdbj30go0goq4t.jpg?KID=imgbed,tva&Expires=1724308753&ssig=SzfTsajwFB",æˆ‘åœ¨ç²¾ç¥ç—…é™¢å­¦æ–©ç¥å®˜å¾®,https://weibo.com/u/6646063031,0
5069710347996160,2502,170,21,é‡åº†,å°±è¿™ä¹ˆèµ°äº†ï¼Ÿï¼Ÿï¼Ÿï¼Ÿï¼Ÿ http://t.cn/A6RLvIKE â€‹,41,2024-08-21,çƒ­é—¨,https://weibo.com/7854052306/Otfu2xyak,"https://tvax2.sinaimg.cn/crop.0.0.1080.1080.180/008zwNN0ly8hr206k63okj30u00u0gq6.jpg?KID=imgbed,tva&Expires=1724308753&ssig=sT8e%2FXR82j",æ˜¯é™ˆæ—¶å®œå‘€,https://weibo.com/u/7854052306,0
5054841192448949,4430,759,67,åŒ—äº¬,"æ—©ï¼

#k70è‡³å°Šç‰ˆ# æ€§èƒ½é­”ç‹ [é…·] â€‹",31,2024-07-11,çƒ­é—¨,https://weibo.com/1749127163/On0Fxah5b,"https://tvax4.sinaimg.cn/crop.0.0.1080.1080.180/001Un9Srly8hrwgkkyzdxj60u00u0q7c02.jpg?KID=imgbed,tva&Expires=1724308753&ssig=fZZW3mFcxq",é›·å†›,https://weibo.com/u/1749127163,0
5070102441754985,899,14,13,é™•è¥¿,ç„å­¦ã€‚åˆ·åˆ°è«æ— è§†8æœˆåè´¢è¿ â€‹,28,2024-08-22,çƒ­é—¨,https://weibo.com/7767122626/OtpGs7myd,"https://tvax1.sinaimg.cn/crop.0.0.512.512.180/008tE3poly8hs6hgjpij1j30e80e8dg1.jpg?KID=imgbed,tva&Expires=1724308753&ssig=8M885V9zSw",_è¯·ä¸»äººæƒ©ç½šé‡,https://weibo.com/u/7767122626,1
5070097161128677,7623,921,1745,æ— ,ã€è½¬å­˜ï¼#é»‘ç¥è¯æ‚Ÿç©ºå–æ™¯åœ°æ‰“å¡æ”»ç•¥#ã€‘å±±è¥¿å¤§åŒæ‚¬ç©ºå¯ºã€é‡åº†å¤§è¶³çŸ³åˆ»ã€ç¦å»ºæ³‰å·å¼€å…ƒå¯ºåŒå¡”â€¦â€¦ã€Šé»‘ç¥è¯ï¼šæ‚Ÿç©ºã€‹åœ¨å…¨å›½å…±æœ‰å‡ åä¸ªå–æ™¯åœ°ã€‚ååœºé¢â€œæ—¢è§æœªæ¥ã€ä¸ºä½•ä¸æ‹œâ€ï¼Œå°±åœ¨å±±è¥¿ä¸´æ±¾éš°ï¼ˆxÃ­ï¼‰å¿å°è¥¿å¤©å–æ™¯ã€‚å°è¥¿å¤©åŸååƒä½›åºµï¼Œå› å¤§é›„å®æ®¿å†…å¡‘æœ‰ä½›åƒåƒå°Šå¾—åã€‚å¤§é›„å®æ®¿é‡Œï¼Œ1900å¤šå°Šå½©å¡‘å¥½ä¼¼è¦â€œé©¾äº‘è€Œä¸‹ â€‹,386,2024-08-22,çƒ­é—¨,https://weibo.com/2656274875/OtpxW4JCt,"https://tvax4.sinaimg.cn/crop.0.0.600.600.180/002TLsr9ly8hmxa6f543uj60go0gowfl02.jpg?KID=imgbed,tva&Expires=1724308753&ssig=YZVpIlGJWO",å¤®è§†æ–°é—»,https://weibo.com/u/2656274875,0
5040086246228224,29985,568,108,å¤©æ´¥,"æ‹æ‘„å‰è¦æ´»åŠ¨ä¸€ä¸‹é¢éƒ¨è¡¨æƒ…(Ë¶â€¾á·„ â»Ì« â€¾á·…Ëµ)
ç¿»åˆ°ä»¥å‰çš„è§†é¢‘è§‰å¾—å‚»å‚»å‘†å‘†ååˆ†å¯çˆ±(*â‰§Ï‰â‰¦)
#åŸç¥[è¶…è¯]##è«å¨œ##cosplay##oocè‡´æ­‰# http://t.cn/A6HTztFO â€‹",146,2024-05-31,çƒ­é—¨,https://weibo.com/7796222231/OgOPeq8fe,"https://tvax3.sinaimg.cn/crop.0.0.1080.1080.180/008vC9xRly8hfyjqj1peoj30u00u0q87.jpg?KID=imgbed,tva&Expires=1724308753&ssig=ht6vbJgB48",å–µå–µäº”å²å•¦,https://weibo.com/u/7796222231,0
5069987251488106,575,43,22,æµ™æ±Ÿ,é‡è§æ–‡æ®Šè©è¨ï¼Œä¸èƒ½å¿½è§†ï¼Œè®¸æ„¿å¿ƒè¯šåˆ™çµğŸ™ â€‹ğŸ™ğŸ™ â€‹,51,2024-08-22,çƒ­é—¨,https://weibo.com/1356658417/OtmGF6f7I,"https://tvax1.sinaimg.cn/crop.0.0.767.767.180/50dcf6f1ly8hn4l0szhj2j20lb0lbwfx.jpg?KID=imgbed,tva&Expires=1724308753&ssig=fqPorDKiX3",çƒŸé›¨æ¥¼ç™¾å¹´å­¤ç‹¬,https://weibo.com/u/1356658417,1
5057562898597751,64205,31256,31585,åŒ—äº¬,å¤©æ°”å¾ˆå¥½ï¼Œé€‚åˆå¥”è·‘ã€‚ã€‚ã€‚#å¤æ—¥é’æ˜¥æ´¾å¯¹# http://t.cn/A68ztcL9 â€‹,59,2024-07-18,çƒ­é—¨,https://weibo.com/1261700994/Oo9tnA4Fp,"https://tva2.sinaimg.cn/crop.0.0.512.512.180/4b340782jw8evsl6l7m5rj20e80e83yu.jpg?KID=imgbed,tva&Expires=1724308753&ssig=kIDQB%2B2LTU",æˆšè–‡,https://weibo.com/u/1261700994,0
5069149946513020,880,30,3,æ¹–å—,ç»™çˆ¸çˆ¸åšçç å¥¶èŒ¶ğŸ§‹ â€‹,20,2024-08-19,çƒ­é—¨,https://weibo.com/6438130659/Ot0UarkkI,"https://tvax2.sinaimg.cn/crop.0.0.1080.1080.180/0071HJT5ly8hqc5gw98a9j30u00u0gq4.jpg?KID=imgbed,tva&Expires=1724308753&ssig=kK01GmNkJQ",Iike_å‘¨æ°ä¼¦,https://weibo.com/u/6438130659,0
5069551811953397,483,7,0,åŒ—äº¬,åœ¨å¤–å›½å¥³å­çˆ¬å±±ç”µçº¿æ†å¥èº«ï¼Œæœ€ç»ˆä½“åŠ›ä¸æ”¯å è½ http://t.cn/A6R2fEBh â€‹,63,2024-08-20,çƒ­é—¨,https://weibo.com/6417393967/Otbml8cap,"https://tvax2.sinaimg.cn/crop.0.0.1061.1061.180/0070iJkjly8holo4pyiygj30th0thwh0.jpg?KID=imgbed,tva&Expires=1724308753&ssig=oUmMDEMeOp",åˆå¿»,https://weibo.com/u/6417393967,0
5070120305299533,3315,592,434,æ— ,"ã€å¾®é•œå¤´|â€œ#ç¥–å›½å’Œäººæ°‘ä¸ºä½ ä»¬éª„å‚²#â€ã€‘#ä¹ è¿‘å¹³æ€»ä¹¦è®°æ¥è§å¥¥è¿å¥å„¿æ—¶è¯´äº†å•¥#
[good]å°„å‡»è¿åŠ¨å‘˜ç››æè±ªã€é»„é›¨å©·ï¼Œä¸ºä¸­å›½æ‘˜å¾—å¥¥è¿é¦–é‡‘ã€‚ä¹ è¿‘å¹³æ€»ä¹¦è®°ä»ä»–ä»¬èº«ä¸Šçœ‹åˆ°äº†é’å¹´ä¸€ä»£çš„é£è²Œï¼šâ€œå¿ƒé™å¦‚æ°´ï¼Œæœ‰å¼ºå¤§çš„å¿ƒç†ç´ è´¨ã€‚â€
[good]å…¨çº¢å©µã€é™ˆèŠ‹æ±å¹¶è‚©ä½œæˆ˜ã€æºæ‰‹å¤ºé‡‘ï¼Œæ€»ä¹¦è®°å°è±¡æ·±åˆ»ï¼šâ€œä½ ä»¬é…åˆé»˜å¥‘ï¼Œè¢«ç§°ä¸º â€‹",1013,2024-08-22,çƒ­é—¨,https://weibo.com/2803301701/Otq9gmeEl,"https://tvax4.sinaimg.cn/crop.0.0.1018.1018.180/0033ImPzly8h8vgemh8kxj60sa0sadgw02.jpg?KID=imgbed,tva&Expires=1724308756&ssig=xfQQVJjaNU",äººæ°‘æ—¥æŠ¥,https://weibo.com/u/2803301701,0
5069461428895904,371,20,42,å¹¿ä¸œ,"ä½ å¯ä»¥ç»™æˆ‘ç”»é¥¼ï¼Œä½†ä¸èƒ½ç»™æˆ‘ä¸‹è¯ ..

[åƒç“œ][åƒç“œ] â€‹",47,2024-08-20,çƒ­é—¨,https://weibo.com/1665296834/Ot90yBkek,"https://tvax1.sinaimg.cn/crop.0.0.1080.1080.180/634269c2ly8gn5som7m1hj20u00u076o.jpg?KID=imgbed,tva&Expires=1724308756&ssig=ETp%2Bdaq6S3",åŸç”Ÿå§¬å¥³,https://weibo.com/u/1665296834,1
5070119642596085,72,11,1,æ²³å—,"#ç‘œä¼½# ç§æ•™ä¸€å¯¹ä¸€
ç§äººå®šåˆ¶é’ˆå¯¹æ€§è¯¾ç¨‹ â€‹",36,2024-08-22,çƒ­é—¨,https://weibo.com/6489032761/Otq8caTml,"https://tvax3.sinaimg.cn/crop.0.0.1080.1080.180/00759jQJly8hq9q0r679aj30u00u0dir.jpg?KID=imgbed,tva&Expires=1724308756&ssig=TX8G1bTVI2",__å¥¶9åªæ˜¯çˆ±å–å¥¶,https://weibo.com/u/6489032761,1
5068464307312012,218854,7380,3188,æ±Ÿè‹,åˆæ¥çœ‹æ¼”å”±ä¼šå•¦[é…·]å’Œç°åœºçš„æ­Œè¿·æœ‹å‹ä»¬ä¸€èµ·æ²‰æµ¸ä½“éªŒç²¾å½©çš„æ¼”å‡ºğŸ‰çœŸæºåŠ æ²¹ï¼æ—¶ä»£å°‘å¹´å›¢åŠ æ²¹ï¼ğŸ’ª  http://t.cn/A6RhjIx6 â€‹,133,2024-08-17,çƒ­é—¨,https://weibo.com/1259193624/OsJ4iuGbG,"https://tvax2.sinaimg.cn/crop.0.0.1080.1080.180/001ndrMAly8h9u6k3udx5j60u00u040g02.jpg?KID=imgbed,tva&Expires=1724308756&ssig=pbokZYeDmc",ææ™¨,https://weibo.com/u/1259193624,0
5069514914136696,12481,165,64,åŒ—äº¬,"#è°¢éœ‡ä¸šæ—¥è®°# 
[å¿ƒ] ä¸­å›½çº¢ â€‹",25,2024-08-20,çƒ­é—¨,https://weibo.com/2823738074/OtaoPhm8U,"https://tvax4.sinaimg.cn/crop.0.0.1080.1080.180/a84ed2daly8glt4xvku3tj20u00u0wiu.jpg?KID=imgbed,tva&Expires=1724308756&ssig=1uvSwwoTWW",è°¢éœ‡ä¸š,https://weibo.com/u/2823738074,0
5068772480648169,6340,992,1234,æ— ,#é¦–é¢—åŸå­å¼¹è¯•çˆ†å‰å¤œä»–äº‰åˆ†å¤ºç§’è®¡ç®—#ã€#ä¸¤å¼¹ä¸€æ˜Ÿå…ƒå‹‹å‘¨å…‰å¬é€ä¸–#[ä¼¤å¿ƒ]è½¬å‘é€åˆ«ï¼ã€‘8æœˆ17æ—¥ï¼Œâ€œä¸¤å¼¹ä¸€æ˜ŸåŠŸå‹‹å¥–ç« â€è·å¾—è€…ã€ä¸­å›½ç§‘å­¦é™¢åŸé™¢é•¿å‘¨å…‰å¬é™¢å£«åœ¨åŒ—äº¬é€ä¸–ï¼Œäº«å¹´95å²ã€‚å‘¨é™¢å£«è¢«ä¸–ç•Œå…¬è®¤ä¸ºæ˜¯ç²’å­ç‰©ç†å­¦é¢†åŸŸé‡è¦ç†è®ºçš„å¥ åŸºäººä¹‹ä¸€ã€‚åœ¨ç¥–å›½éœ€è¦çš„æ—¶å€™ï¼Œä»–æ¯…ç„¶é€‰æ‹©å›å›½ï¼Œä¸ºæ ¸æ­¦å™¨çš„ç ”åˆ¶æˆåŠŸç«‹ä¸‹äº†ä¸ â€‹,410,2024-08-18,çƒ­é—¨,https://weibo.com/2656274875/OsR5m2ICl,"https://tvax4.sinaimg.cn/crop.0.0.600.600.180/002TLsr9ly8hmxa6f543uj60go0gowfl02.jpg?KID=imgbed,tva&Expires=1724308756&ssig=Ec%2BOXWPNRa",å¤®è§†æ–°é—»,https://weibo.com/u/2656274875,0
5069086495867490,674808,58096,1000000,æ±Ÿè‹,æ„Ÿè°¢ä¾çº¯è€å¸ˆ@å•ä¾çº¯ æ¥å®¢å…åšå®¢ğŸ›‹ï¸ä¸‹æ¬¡åšä¸æŠ½è±¡çš„00å [æ·¡æ·¡çš„] â€‹,63,2024-08-19,çƒ­é—¨,https://weibo.com/2812335943/OsZfPoCoW,"https://tvax1.sinaimg.cn/crop.0.0.996.996.180/a7a0d747ly8fhx8k128s8j20ro0rogof.jpg?KID=imgbed,tva&Expires=1724308756&ssig=DJc8npaSqK",TFBOYS-ç‹æº,https://weibo.com/u/2812335943,0
5069773483806300,208,66,11,å¹¿ä¸œ,"é“äººä¸‰é¡¹é€‰æ‰‹æŠ“ä¸åˆ°è¡¥ç»™ç“¶ï¼Œä½ è§‰å¾—æ˜¯å“ªé‡Œå‡ºçš„é—®é¢˜ï¼Ÿ

#é“äººä¸‰é¡¹# #èµ›äº‹ç»„ç»‡# http://t.cn/A6RLcc5o â€‹",92,2024-08-21,çƒ­é—¨,https://weibo.com/1658958533/Oth7SfYbW,"https://tvax1.sinaimg.cn/crop.46.72.510.510.180/62e1b2c5ly8g4x5oh7ra7j20go0lawi3.jpg?KID=imgbed,tva&Expires=1724308756&ssig=CSSbliE3sT",ç»å¯¹ä¼ç‰¹åŠ ,https://weibo.com/u/1658958533,0
5041285939860971,26141,1289,74,ä¸Šæµ·,ä¸¾æ‰‹ä¹‹åŠ³ æ„¿æ—©æ—¥åº·å¤ï¼ğŸ™ğŸ» â€‹,29,2024-06-03,çƒ­é—¨,https://weibo.com/2814929384/Ohk2dFnhV,"https://tvax3.sinaimg.cn/crop.0.0.1080.1080.180/a7c869e8ly8grtp0t4uoqj20u00u0789.jpg?KID=imgbed,tva&Expires=1724308756&ssig=RpCmK0Qd6S",MR-ç™½å†°,https://weibo.com/u/2814929384,0
5062885866736593,206,99,2,å¹¿ä¸œ,#ç¢§è“èˆªçº¿##æ€¨ä»‡##cosplay# http://t.cn/A68pzZ9w â€‹,46,2024-08-02,çƒ­é—¨,https://weibo.com/6050125138/OqnWOsguJ,"https://tvax2.sinaimg.cn/crop.0.0.1080.1080.180/006BrHVwly8hrzj30fta2j30u00u078a.jpg?KID=imgbed,tva&Expires=1724308756&ssig=I7Ej6uYbdH",ååˆ†åˆ†åˆ†_,https://weibo.com/u/6050125138,0
5069547728279556,29348,515,448,åŒ—äº¬,è¿™æŠŠè¹­åˆ°äº†ï¼ â€‹,12,2024-08-20,çƒ­é—¨,https://weibo.com/1867736970/OtbfKyJTe,"https://tva4.sinaimg.cn/crop.0.0.638.638.180/6f53678ajw8e8e32a4hsxj20hq0hqta7.jpg?KID=imgbed,tva&Expires=1724308791&ssig=F9A3Hy8QGL",éƒ‘æ‰§,https://weibo.com/u/1867736970,0
5059418114759357,11002,551,152,å¹¿ä¸œ,å¤§å­¦ç”Ÿä¸ç©¿å†…è¡£ç©¿ä»€ä¹ˆï¼Ÿ è¥¿å®‰ â€‹,27,2024-07-23,çƒ­é—¨,https://weibo.com/7534814929/OoVJFjY7P,"https://tvax4.sinaimg.cn/crop.0.0.1080.1080.180/008dVjz3ly8hjj2rr4e4uj30u00u0wj5.jpg?KID=imgbed,tva&Expires=1724308791&ssig=QzMdwVDUfV",å¥¶ç™½çš„å¥ˆå¥ˆå­,https://weibo.com/u/7534814929,0
5066336914380366,9126,974,171,æ— ,"é£é£é›¨é›¨ä¹è½½ï¼Œç™½ç³–å’Œä»–çš„å°ä¼™ä¼´èº«è¾¹æœ‰ä¸€ç¾¤æœ€å¯çˆ±çš„äººä¸€ç›´éƒ½åœ¨â€¦â€¦è‡´ä½ ä»¬ï¼šäººç”Ÿæœ‰ä¸¤æ¬¡å¹¸è¿å°±å¥½,ä¸€æ¬¡é‡åˆ°ä½ ä»¬,ä¸€æ¬¡èµ°åˆ°åº•,æ„Ÿæ©é‡è§,æ„Ÿæ©æœ‰ä½ ä»¬â€¦â€¦#äº¬å‰§çŒ«[è¶…è¯]# â€‹",150,2024-08-12,çƒ­é—¨,https://weibo.com/3812650153/OrPJ1inx4,"https://tvax3.sinaimg.cn/crop.0.0.711.711.180/e3406ca9ly8g6ogmymn8wj20jr0jr45l.jpg?KID=imgbed,tva&Expires=1724308791&ssig=qhGj%2BSSrXs",äº¬å‰§çŒ«,https://weibo.com/u/3812650153,1
5070105348411371,461,16,19,æ²³å—,åˆ˜äº¦è²æ³³è£…ğŸ†˜ç«ç‘°çš„èº«æâ€¦â€¦æ–¯å“ˆæ–¯å“ˆ|| http://t.cn/A6RUIM9N â€‹,59,2024-08-22,çƒ­é—¨,https://weibo.com/5489873079/OtpL8zibh,"https://tvax1.sinaimg.cn/crop.0.0.884.884.180/005ZwWLZly1hqgn9b314nj30ok0okwh8.jpg?KID=imgbed,tva&Expires=1724308791&ssig=tCxBGSjs8C",å…ˆé”‹å¤§é˜Ÿé•¿çš„åè…¿,https://weibo.com/u/5489873079,1
5070122316728483,962,480,179,æ— ,ã€è½¬å‘å‘¨çŸ¥ï¼[è¯ç­’]#å››å…­çº§æ˜å¤©6ç‚¹æŸ¥åˆ†#ã€‘æ˜å¤©ï¼ˆ23æ—¥ï¼‰6æ—¶ï¼Œ2024å¹´ä¸ŠåŠå¹´å…¨å›½å¤§å­¦è‹±è¯­å››ã€å…­çº§è€ƒè¯•æˆç»©å°†å…¬å¸ƒã€‚#å››å…­çº§æŸ¥åˆ†å…¥å£#â†’http://t.cn/R9RI9GT ç¥è€ƒç”Ÿè¿‡ï¼è¿‡ï¼è¿‡ï¼ â€‹,160,2024-08-22,çƒ­é—¨,https://weibo.com/2656274875/OtqcvsenV,"https://tvax4.sinaimg.cn/crop.0.0.600.600.180/002TLsr9ly8hmxa6f543uj60go0gowfl02.jpg?KID=imgbed,tva&Expires=1724308791&ssig=RiSdqa18cd",å¤®è§†æ–°é—»,https://weibo.com/u/2656274875,0
5068776947582177,4286,766,628,æ— ,ã€#é€åˆ«ä¸¤å¼¹ä¸€æ˜Ÿå…ƒå‹‹å‘¨å…‰å¬#ã€‘#ä¸¤å¼¹ä¸€æ˜Ÿå…ƒå‹‹å‘¨å…‰å¬é€ä¸–äº«å¹´95å²# â€œä¸¤å¼¹ä¸€æ˜ŸåŠŸå‹‹å¥–ç« â€è·å¾—è€…ã€ä¸­å›½ç§‘å­¦é™¢åŸé™¢é•¿å‘¨å…‰å¬é™¢å£«åœ¨åŒ—äº¬é€ä¸–ï¼Œäº«å¹´95å²ã€‚åœ¨ç¥–å›½éœ€è¦çš„æ—¶å€™ï¼Œä»–æ¯…ç„¶é€‰æ‹©å›å›½ã€‚åœ¨ä¸­å›½é¦–é¢—åŸå­å¼¹ç†è®ºæ”»å…³çš„å¾ç¨‹ä¸­ï¼Œåœ¨è¯•çˆ†å‰çš„å…³é”®æ—¶åˆ»ï¼Œå‘¨å…‰å¬å’Œè®¸å¤šç§‘å­¦å®¶ä¸€èµ·ï¼Œä¸ºä¸­å›½æ ¸æ­¦å™¨çš„ç ”åˆ¶æˆåŠŸç«‹ä¸‹äº†ä¸ â€‹,309,2024-08-18,çƒ­é—¨,https://weibo.com/2803301701/OsRcyvOtb,"https://tvax4.sinaimg.cn/crop.0.0.1018.1018.180/0033ImPzly8h8vgemh8kxj60sa0sadgw02.jpg?KID=imgbed,tva&Expires=1724308791&ssig=hBHfDBhUPl",äººæ°‘æ—¥æŠ¥,https://weibo.com/u/2803301701,0
5068848277755243,92414,15529,47811,æ²³å—,æˆ‘ä»¬[ä¸¾æ‰‹] â€‹,10,2024-08-18,çƒ­é—¨,https://weibo.com/1625646585/OsT3Bwxuz,"https://tvax3.sinaimg.cn/crop.0.0.512.512.180/001M12Wdly8gqh0adzzp1j60e80e8gly02.jpg?KID=imgbed,tva&Expires=1724308791&ssig=DrhFTTM2EA",æ±ªè‹æ³·,https://weibo.com/u/1625646585,0
5067306487516789,6396,1158,205,åŒ—äº¬,ç¬¬ä¸€æ‰¹æ¯”äºšè¿ªç§¦ç½‘çº¦è½¦å·²ç»ä¸‹çº¿æŠ¥åºŸäº†[æ€è€ƒ]çŒœçŒœè·‘äº†å¤šå°‘ä¸‡å…¬é‡Œï¼Ÿ http://t.cn/A68DrFPp â€‹,81,2024-08-14,çƒ­é—¨,https://weibo.com/5575137733/OseWQvxsx,"https://tvax1.sinaimg.cn/crop.0.0.1080.1080.180/0065iI0lly8gdiokb3qhfj30u00u0acy.jpg?KID=imgbed,tva&Expires=1724308791&ssig=OHjfyJ%2B6a7",å¸¦é”¤çœ‹è½¦-å‘¨äºŒç“¶,https://weibo.com/u/5575137733,0
5063350205551993,970,77,9,é‡åº†,é‡äº‹ä¸è¦æ…Œï¼Œå…ˆæå‡ºå°ç±³14Proæ‹å¼ ç…§ç‰‡å‘ä¸ªå¾®åš[doge][doge][doge]è¿™å°±æ˜¯å¤§æ ¼å±€ï¼ â€‹,75,2024-08-03,çƒ­é—¨,https://weibo.com/5311801448/OqA1Knikh,"https://tvax3.sinaimg.cn/crop.0.0.1080.1080.180/005NtMcUly8hb35ijt157j30u00u0myh.jpg?KID=imgbed,tva&Expires=1724308791&ssig=QC4GG0gBBG",é˜¿æ­£å¾ˆç¡¬,https://weibo.com/u/5311801448,1
5069460564085558,88,5,2,æ— ,#å…¨çº¢å©µ[è¶…è¯]# ã€#å…¨çº¢å©µè¢«çº¢æ‹–é‹å‡ºå–äº†#ã€‘8æœˆ19æ—¥ï¼Œ@å…¨çº¢å©µ å—é‚€å‡ºå¸­ç”µå½±é¦–æ˜ ç¤¼ï¼Œå…¨å‰¯æ­¦è£…æˆ´ç€å¢¨é•œå’Œå£ç½©è¿˜æ˜¯è¢«è®¤å‡ºã€‚ç½‘å‹ï¼šæ˜¯è„šä¸Šçš„çº¢æ‹–é‹â€œå‡ºå–äº†â€å¥¹ã€‚#å…¨çº¢å©µçš„ç©¿æ­å¾ˆå¹¿å¼# http://t.cn/A6RAk1J5 â€‹,187,2024-08-20,çƒ­é—¨,https://weibo.com/2286092114/Ot8Zah8Q6,"https://tvax2.sinaimg.cn/crop.0.0.1000.1000.180/8842ff52ly8heqfusvnwbj20rs0rsmxx.jpg?KID=imgbed,tva&Expires=1724308791&ssig=vcT7twJdl%2B",ä¸­å›½è“æ–°é—»,https://weibo.com/u/2286092114,0
5031006015590789,8274,355,52,å®‰å¾½,åœ†æ»¡äº†ï¼Œæ„Ÿè°¢å¤§å®¶ï¼Œæ‹›å¾…ä¸å‘¨ï¼Œå¤šå¤šæ‹…å¾…ã€‚ â€‹,38,2024-05-06,çƒ­é—¨,https://weibo.com/5524484303/Od0BHnsq1,"https://tvax1.sinaimg.cn/crop.0.0.512.512.180/0061SaJxly8hsjx1tm4mmj30e80e83yx.jpg?KID=imgbed,tva&Expires=1724308793&ssig=Yks%2BMuQc3w",ç–¯ç‹‚å°æ¨å“¥,https://weibo.com/u/5524484303,0
5054349871153787,66821,11709,7446,åŒ—äº¬,#èµµéœ²æ€[è¶…è¯]# éšæ‰‹æŒ‰ä¸‹å¿«é—¨ï¼Œè®©å¿«ä¹æœ‰è¿¹å¯å¾ªï½ â€‹,45,2024-07-09,çƒ­é—¨,https://weibo.com/7327934610/OmNT54Q9t,"https://tvax3.sinaimg.cn/crop.0.0.512.512.180/007ZVgxIly8hjq8a96om7j30e80e8mxo.jpg?KID=imgbed,tva&Expires=1724308793&ssig=Mdf69YtdgX",èµµéœ²æ€å·¥ä½œå®¤å®˜å¾®,https://weibo.com/u/7327934610,0
5068032077202964,1665,465,457,æ— ,ã€ç¥è´ºï¼#æˆ‘å›½é¥æ„Ÿå››åä¸‰å·01ç»„å«æ˜Ÿå‘å°„æˆåŠŸ#ã€‘åŒ—äº¬æ—¶é—´2024å¹´8æœˆ16æ—¥15æ—¶35åˆ†ï¼Œæˆ‘å›½åœ¨è¥¿æ˜Œå«æ˜Ÿå‘å°„ä¸­å¿ƒä½¿ç”¨é•¿å¾å››å·ä¹™è¿è½½ç«ç®­ï¼ŒæˆåŠŸå°†é¥æ„Ÿå››åä¸‰å·01ç»„å«æ˜Ÿå‘å°„å‡ç©ºï¼Œå«æ˜Ÿé¡ºåˆ©è¿›å…¥é¢„å®šè½¨é“ï¼Œå‘å°„ä»»åŠ¡è·å¾—åœ†æ»¡æˆåŠŸã€‚è¯¥å«æ˜Ÿä¸»è¦ç”¨äºå¼€å±•#ä½è½¨æ˜Ÿåº§ç³»ç»Ÿæ–°æŠ€æœ¯è¯•éªŒ#ã€‚æ­¤æ¬¡ä»»åŠ¡æ˜¯é•¿å¾ç³»åˆ—è¿è½½ç«ç®­çš„ç¬¬531æ¬¡ â€‹,315,2024-08-16,çƒ­é—¨,https://weibo.com/2803301701/OsxP9udOQ,"https://tvax4.sinaimg.cn/crop.0.0.1018.1018.180/0033ImPzly8h8vgemh8kxj60sa0sadgw02.jpg?KID=imgbed,tva&Expires=1724308793&ssig=KeT14yeZps",äººæ°‘æ—¥æŠ¥,https://weibo.com/u/2803301701,0
5069087743153670,1158,161,79,æµ™æ±Ÿ,å¬è¯´éª‘è¡Œåœˆç°åœ¨ç‰›å¾—å¾ˆâ€¦ http://t.cn/A6RZkNAa â€‹,43,2024-08-19,çƒ­é—¨,https://weibo.com/6517802865/OsZhQdepE,"https://tvax2.sinaimg.cn/crop.0.0.887.887.180/007762gFly8gdi6mxwbuqj30on0onq45.jpg?KID=imgbed,tva&Expires=1724308793&ssig=De4ZPVVYdQ",æœæŸ¥å§¬z,https://weibo.com/u/6517802865,1
5050375025722949,186990,54002,228706,ä¸Šæµ·,"#å…³æ™“å½¤[è¶…è¯]# ğŸ¦ğŸ‚ï½ï½ï½
å‡†å¤‡æ¯”ä¸ª8æ¥ç€ ç»“æœå“ˆå“ˆå“ˆå“ˆ â€‹",56,2024-06-28,çƒ­é—¨,https://weibo.com/1288739185/Ol8u2o0ND,"https://tvax4.sinaimg.cn/crop.0.0.996.996.180/001pdpVTly8gn8abc7rpcj60ro0roq4q02.jpg?KID=imgbed,tva&Expires=1724308793&ssig=n5ourNIP25",å…³æ™“å½¤,https://weibo.com/u/1288739185,0
5067654198462083,2131,582,35,ä¸Šæµ·,#å­¤å±±# æ ¡ä¾›æ„Ÿupupup~ http://t.cn/A68FmCIw â€‹,41,2024-08-15,çƒ­é—¨,https://weibo.com/7389581977/OsnZFzvnd,"https://tvax4.sinaimg.cn/crop.0.0.996.996.180/00845VQ5ly8gdkcb6uuynj30ro0rodhg.jpg?KID=imgbed,tva&Expires=1724308793&ssig=2eZoO6g47z",å¿ƒè„åœ°éœ‡,https://weibo.com/u/7389581977,0
5064046560674580,367,24,6,æ¹–å—,åé«˜é“å›é•¿æ²™æ—¶çœ‹è§çš„ å¥½ç¾ â€‹,25,2024-08-05,çƒ­é—¨,https://weibo.com/7190054553/OqS8U2Puk,"https://tvax2.sinaimg.cn/crop.0.0.1080.1080.180/007QAJDPly8h7te1usx5hj30u00u00xq.jpg?KID=imgbed,tva&Expires=1724308793&ssig=dX3b68HI3k",Kitten-07,https://weibo.com/u/7190054553,0
5069708137859204,3116,9,7,æµ™æ±Ÿ,ä¸€ä¸ªç–‘çŠ¯åœ¨æ³•åº­ä¸Šè¯´è‡ªå·±åŒè„šç˜«ç—ªä¸èƒ½è¡Œèµ°ï¼Œä¸å¯èƒ½çŠ¯æ¡ˆï¼Œç»“æœä¸‹ä¸€ç§’ http://t.cn/A6R2sekG â€‹,83,2024-08-21,çƒ­é—¨,https://weibo.com/6504099247/OtfqtwYxm,"https://tvax2.sinaimg.cn/crop.0.0.1080.1080.180/0076axkzly8hmxyspobn2j30u00u0750.jpg?KID=imgbed,tva&Expires=1724308793&ssig=lkueMXlh83",ä¸€äº›æœ‰æ„æ€çš„è§†é¢‘,https://weibo.com/u/6504099247,1
5065429894825890,2382,159,121,å¹¿ä¸œ,è‰ºè€ƒç”Ÿ å‘¨æœ«æœ‰ç©ºï¼ˆå¹¿å·ï¼‰ â€‹,23,2024-08-09,çƒ­é—¨,https://weibo.com/7630110506/Ors85kfqW,"https://tvax2.sinaimg.cn/crop.0.0.1080.1080.180/008knaiuly8hel84ttpjlj30u00u0n0k.jpg?KID=imgbed,tva&Expires=1724308793&ssig=giSPaePUUe",è´å£³å¸¦ä½ å¬æµ·,https://weibo.com/u/7630110506,0
5069558510263033,1794,376,67,ä¸­å›½é¦™æ¸¯,"#é›·å†›çš„å‰¯é©¾#ç¬¬äºŒæ¬¡ç›´æ’­é©¬ä¸Šæ¥äº†ï¼
8æœˆ22æ—¥12:00ï¼Œæˆ‘å’Œ@æé€Ÿæ‹æ¡£-Jacky ä¸€èµ·ï¼ŒèŠèŠå°ç±³SU7çš„é©¾é©¶ä½“éªŒã€‚ 

ä¸€æ¡è§†é¢‘ï¼Œå…ˆå›é¡¾ä¸€ä¸‹ç¬¬ä¸€æ¬¡ç›´æ’­çš„ç‰‡æ®µã€‚
http://t.cn/A6R2VfKO â€‹",158,2024-08-20,çƒ­é—¨,https://weibo.com/1749127163/Otbx916qt,"https://tvax4.sinaimg.cn/crop.0.0.1080.1080.180/001Un9Srly8hrwgkkyzdxj60u00u0q7c02.jpg?KID=imgbed,tva&Expires=1724308793&ssig=NiZZAnGhQ%2B",é›·å†›,https://weibo.com/u/1749127163,0
